{"cameraMode":{"drawMode":0,"name":"Shaded","section":"Shading Mode"},"sceneLighting":false,"audioPlay":false,"sceneViewState":{"m_AlwaysRefresh":false,"showFog":true,"showSkybox":false,"showFlares":true,"showImageEffects":true,"showParticleSystems":true,"showVisualEffectGraphs":true,"m_FxEnabled":true},"in2DMode":false,"pivot":{"x":-1.1073405742645264,"y":0.42463943362236025,"z":0.15524490177631379},"rotation":{"x":-0.08964189141988754,"y":-0.7034925818443298,"z":0.09018595516681671,"w":-0.6992717385292053},"size":0.7812786102294922,"orthographic":false}